scenario,seed,controller,solver,simulation_duration_seconds,total_vehicles,average_waiting_time_seconds,total_waiting_time_seconds,average_queue_length,maximum_queue_length,throughput_vehicles_per_hour,average_travel_time_seconds,total_fuel_consumption_litres,total_co2_emissions_grams,solver_runtime_seconds,qaoa_recovery_rate,qaoa_objective_gap,delta_avg_waiting_time,delta_avg_queue,delta_throughput,delta_travel_time,delta_fuel,delta_co2
Low,42,Fixed-Time,fixed,60.0,4,0.0,0.0,2.2,1,240.0,15.0,0.4896,1125.11,0.0,,,0.0,0.0,0.0,0.0,0.0,0.0
Low,42,Classical Adaptive,classical_adaptive,60.0,4,0.0,0.0,2.2,1,240.0,15.0,0.4896,1125.11,0.00076,,,0.0,0.0,0.0,0.0,0.0,0.0
Low,42,QUBO Exact,exact,60.0,4,0.0,0.0,2.433,1,240.0,15.0,0.4855,1115.79,0.00075,,,0.0,0.233,0.0,0.0,-0.0041,-9.32
Low,42,QAOA,qaoa,60.0,4,0.0,0.0,2.433,1,240.0,15.0,0.4855,1115.79,0.20817,1.0,0.0,0.0,0.233,0.0,0.0,-0.0041,-9.32
Low,101,Fixed-Time,fixed,60.0,4,0.0,0.0,2.217,1,240.0,15.0,0.5095,1170.93,0.0,,,0.0,0.0,0.0,0.0,0.0,0.0
Low,101,Classical Adaptive,classical_adaptive,60.0,4,0.0,0.0,2.217,1,240.0,15.0,0.5095,1170.93,0.00108,,,0.0,0.0,0.0,0.0,0.0,0.0
Low,101,QUBO Exact,exact,60.0,4,0.0,0.0,2.383,1,240.0,15.0,0.4929,1132.73,0.00059,,,0.0,0.166,0.0,0.0,-0.0166,-38.2
Low,101,QAOA,qaoa,60.0,4,0.0,0.0,2.383,1,240.0,15.0,0.4929,1132.73,0.15971,1.0,0.0,0.0,0.166,0.0,0.0,-0.0166,-38.2
Low,202,Fixed-Time,fixed,60.0,4,0.0,0.0,2.083,1,240.0,15.0,0.5131,1179.16,0.0,,,0.0,0.0,0.0,0.0,0.0,0.0
Low,202,Classical Adaptive,classical_adaptive,60.0,4,0.0,0.0,2.083,1,240.0,15.0,0.5131,1179.16,0.00081,,,0.0,0.0,0.0,0.0,0.0,0.0
Low,202,QUBO Exact,exact,60.0,4,0.0,0.0,2.317,1,240.0,15.0,0.4832,1110.49,0.00095,,,0.0,0.234,0.0,0.0,-0.0299,-68.67
Low,202,QAOA,qaoa,60.0,4,0.0,0.0,2.317,1,240.0,15.0,0.4832,1110.49,0.17855,1.0,0.0,0.0,0.234,0.0,0.0,-0.0299,-68.67
Low,303,Fixed-Time,fixed,60.0,4,0.0,0.0,2.167,1,240.0,15.0,0.5125,1177.68,0.0,,,0.0,0.0,0.0,0.0,0.0,0.0
Low,303,Classical Adaptive,classical_adaptive,60.0,4,0.0,0.0,2.167,1,240.0,15.0,0.5125,1177.68,0.00095,,,0.0,0.0,0.0,0.0,0.0,0.0
Low,303,QUBO Exact,exact,60.0,4,0.0,0.0,2.383,1,240.0,15.0,0.4839,1111.98,0.00063,,,0.0,0.216,0.0,0.0,-0.0286,-65.7
Low,303,QAOA,qaoa,60.0,4,0.0,0.0,2.383,1,240.0,15.0,0.4839,1111.98,0.18919,1.0,0.0,0.0,0.216,0.0,0.0,-0.0286,-65.7
Low,404,Fixed-Time,fixed,60.0,4,0.0,0.0,2.117,1,240.0,15.0,0.5097,1171.26,0.0,,,0.0,0.0,0.0,0.0,0.0,0.0
Low,404,Classical Adaptive,classical_adaptive,60.0,4,0.0,0.0,2.117,1,240.0,15.0,0.5097,1171.26,0.00088,,,0.0,0.0,0.0,0.0,0.0,0.0
Low,404,QUBO Exact,exact,60.0,4,0.0,0.0,2.4,1,240.0,15.0,0.4857,1116.05,0.00086,,,0.0,0.283,0.0,0.0,-0.024,-55.21
Low,404,QAOA,qaoa,60.0,4,0.0,0.0,2.4,1,240.0,15.0,0.4857,1116.05,0.16482,1.0,0.0,0.0,0.283,0.0,0.0,-0.024,-55.21
Normal,42,Fixed-Time,fixed,60.0,8,0.0,0.0,4.95,3,480.0,15.0,1.0045,2308.48,0.0,,,0.0,0.0,0.0,0.0,0.0,0.0
Normal,42,Classical Adaptive,classical_adaptive,60.0,8,0.0,0.0,4.95,3,480.0,15.0,1.0045,2308.48,0.00082,,,0.0,0.0,0.0,0.0,0.0,0.0
Normal,42,QUBO Exact,exact,60.0,4,0.0,0.0,5.55,4,240.0,15.0,1.0127,2327.31,0.00069,,,0.0,0.6,-240.0,0.0,0.0082,18.83
Normal,42,QAOA,qaoa,60.0,4,0.0,0.0,5.55,4,240.0,15.0,1.0127,2327.31,0.15091,0.9375,0.076656,0.0,0.6,-240.0,0.0,0.0082,18.83
Normal,101,Fixed-Time,fixed,60.0,8,0.0,0.0,5.05,3,480.0,15.0,1.024,2353.15,0.0,,,0.0,0.0,0.0,0.0,0.0,0.0
Normal,101,Classical Adaptive,classical_adaptive,60.0,8,0.0,0.0,5.05,3,480.0,15.0,1.024,2353.15,0.00066,,,0.0,0.0,0.0,0.0,0.0,0.0
Normal,101,QUBO Exact,exact,60.0,4,0.0,0.0,5.6,4,240.0,15.0,1.0275,2361.2,0.00058,,,0.0,0.55,-240.0,0.0,0.0035,8.05
Normal,101,QAOA,qaoa,60.0,4,0.0,0.0,5.6,4,240.0,15.0,1.0275,2361.2,0.15413,0.75,0.234969,0.0,0.55,-240.0,0.0,0.0035,8.05
Normal,202,Fixed-Time,fixed,60.0,8,0.0,0.0,4.9,3,480.0,15.0,1.0025,2303.78,0.0,,,0.0,0.0,0.0,0.0,0.0,0.0
Normal,202,Classical Adaptive,classical_adaptive,60.0,8,0.0,0.0,4.9,3,480.0,15.0,1.0025,2303.78,0.00065,,,0.0,0.0,0.0,0.0,0.0,0.0
Normal,202,QUBO Exact,exact,60.0,4,0.0,0.0,5.667,4,240.0,15.0,1.0232,2351.25,0.00057,,,0.0,0.767,-240.0,0.0,0.0207,47.47
Normal,202,QAOA,qaoa,60.0,4,0.0,0.0,5.667,4,240.0,15.0,1.0232,2351.25,0.15446,1.0,0.0,0.0,0.767,-240.0,0.0,0.0207,47.47
Normal,303,Fixed-Time,fixed,60.0,8,0.0,0.0,5.083,3,480.0,15.0,1.0194,2342.66,0.0,,,0.0,0.0,0.0,0.0,0.0,0.0
Normal,303,Classical Adaptive,classical_adaptive,60.0,8,0.0,0.0,5.083,3,480.0,15.0,1.0194,2342.66,0.00081,,,0.0,0.0,0.0,0.0,0.0,0.0
Normal,303,QUBO Exact,exact,60.0,4,0.0,0.0,5.6,4,240.0,15.0,1.0347,2377.73,0.00096,,,0.0,0.517,-240.0,0.0,0.0153,35.07
Normal,303,QAOA,qaoa,60.0,4,0.0,0.0,5.6,4,240.0,15.0,1.0347,2377.73,0.18147,0.9375,0.076656,0.0,0.517,-240.0,0.0,0.0153,35.07
Normal,404,Fixed-Time,fixed,60.0,8,0.0,0.0,5.05,3,480.0,15.0,1.023,2350.8,0.0,,,0.0,0.0,0.0,0.0,0.0,0.0
Normal,404,Classical Adaptive,classical_adaptive,60.0,8,0.0,0.0,5.05,3,480.0,15.0,1.023,2350.8,0.00067,,,0.0,0.0,0.0,0.0,0.0,0.0
Normal,404,QUBO Exact,exact,60.0,4,0.0,0.0,5.667,4,240.0,15.0,1.0361,2380.94,0.00062,,,0.0,0.617,-240.0,0.0,0.0131,30.14
Normal,404,QAOA,qaoa,60.0,4,0.0,0.0,5.667,4,240.0,15.0,1.0361,2380.94,0.15876,1.0,0.0,0.0,0.617,-240.0,0.0,0.0131,30.14
High,42,Fixed-Time,fixed,60.0,12,0.0,0.0,7.333,5,720.0,15.0,1.6739,3846.79,0.0,,,0.0,0.0,0.0,0.0,0.0,0.0
High,42,Classical Adaptive,classical_adaptive,60.0,12,0.0,0.0,7.333,5,720.0,15.0,1.6739,3846.79,0.0007,,,0.0,0.0,0.0,0.0,0.0,0.0
High,42,QUBO Exact,exact,60.0,7,0.0,0.0,7.883,7,420.0,15.0,1.6789,3858.25,0.00061,,,0.0,0.55,-300.0,0.0,0.005,11.46
High,42,QAOA,qaoa,60.0,7,0.0,0.0,7.883,7,420.0,15.0,1.6789,3858.25,0.15059,0.875,0.186625,0.0,0.55,-300.0,0.0,0.005,11.46
High,101,Fixed-Time,fixed,60.0,12,0.0,0.0,7.5,5,720.0,15.0,1.7034,3914.6,0.0,,,0.0,0.0,0.0,0.0,0.0,0.0
High,101,Classical Adaptive,classical_adaptive,60.0,12,0.0,0.0,7.5,5,720.0,15.0,1.7034,3914.6,0.00079,,,0.0,0.0,0.0,0.0,0.0,0.0
High,101,QUBO Exact,exact,60.0,8,0.0,0.0,7.483,6,480.0,15.0,1.6819,3864.96,0.00057,,,0.0,-0.017,-240.0,0.0,-0.0215,-49.64
High,101,QAOA,qaoa,60.0,8,0.0,0.0,7.483,6,480.0,15.0,1.6819,3864.96,0.1625,0.8125,0.229967,0.0,-0.017,-240.0,0.0,-0.0215,-49.64
High,202,Fixed-Time,fixed,60.0,12,0.0,0.0,7.25,5,720.0,15.0,1.6989,3904.19,0.0,,,0.0,0.0,0.0,0.0,0.0,0.0
High,202,Classical Adaptive,classical_adaptive,60.0,12,0.0,0.0,7.25,5,720.0,15.0,1.6989,3904.19,0.00064,,,0.0,0.0,0.0,0.0,0.0,0.0
High,202,QUBO Exact,exact,60.0,8,0.0,0.0,7.417,6,480.0,15.0,1.676,3851.5,0.00061,,,0.0,0.167,-240.0,0.0,-0.0229,-52.69
High,202,QAOA,qaoa,60.0,8,0.0,0.0,7.417,6,480.0,15.0,1.676,3851.5,0.15326,1.0,0.0,0.0,0.167,-240.0,0.0,-0.0229,-52.69
High,303,Fixed-Time,fixed,60.0,12,0.0,0.0,7.267,5,720.0,15.0,1.72,3952.64,0.0,,,0.0,0.0,0.0,0.0,0.0,0.0
High,303,Classical Adaptive,classical_adaptive,60.0,12,0.0,0.0,7.267,5,720.0,15.0,1.72,3952.64,0.0007,,,0.0,0.0,0.0,0.0,0.0,0.0
High,303,QUBO Exact,exact,60.0,8,0.0,0.0,7.5,6,480.0,15.0,1.7033,3914.17,0.0006,,,0.0,0.233,-240.0,0.0,-0.0167,-38.47
High,303,QAOA,qaoa,60.0,8,0.0,0.0,7.5,6,480.0,15.0,1.7033,3914.17,0.16243,0.6875,0.383278,0.0,0.233,-240.0,0.0,-0.0167,-38.47
High,404,Fixed-Time,fixed,60.0,12,0.0,0.0,7.7,6,720.0,15.0,1.7163,3944.09,0.0,,,0.0,0.0,0.0,0.0,0.0,0.0
High,404,Classical Adaptive,classical_adaptive,60.0,12,0.0,0.0,7.7,6,720.0,15.0,1.7163,3944.09,0.00065,,,0.0,0.0,0.0,0.0,0.0,0.0
High,404,QUBO Exact,exact,60.0,7,0.0,0.0,8.083,7,420.0,15.0,1.7148,3940.77,0.00059,,,0.0,0.383,-300.0,0.0,-0.0015,-3.32
High,404,QAOA,qaoa,60.0,7,0.0,0.0,8.083,7,420.0,15.0,1.7148,3940.77,0.15915,1.0,0.0,0.0,0.383,-300.0,0.0,-0.0015,-3.32
